City ID,Date,Country,City,Cloudiness,Max Temp,Wind Speed,Humidity,Lat,Lng
0,2021-04-16,AU,Mount Gambier,90,51.8,5.75,76,-37.8333,140.7667
1,2021-04-16,SS,Tambura,60,84.29,1.39,28,5.6,27.4667
2,2021-04-16,US,Albany,100,43.0,1.01,77,42.6001,-73.9662
3,2021-04-16,PF,Rikitea,100,77.22,12.64,71,-23.1203,-134.9692
4,2021-04-16,RU,Zhigansk,100,28.83,29.48,96,66.7697,123.3711
5,2021-04-16,CA,Marystown,79,42.75,19.69,64,47.1666,-55.1483
6,2021-04-16,US,Kapaa,1,64.4,6.91,94,22.0752,-159.319
7,2021-04-16,GL,Upernavik,56,-4.27,9.06,89,72.7868,-56.1549
8,2021-04-16,AU,Busselton,27,55.99,7.78,90,-33.65,115.3333
9,2021-04-16,MY,George Town,20,84.2,5.75,79,5.4112,100.3354
10,2021-04-16,GL,Tasiilaq,75,28.4,34.52,93,65.6145,-37.6368
11,2021-04-16,RU,Ostrovnoy,100,35.56,15.64,87,68.0531,39.5131
12,2021-04-16,US,Graham,1,60.8,3.0,39,47.0529,-122.2943
13,2021-04-16,US,Hilo,1,64.4,5.75,72,19.7297,-155.09
14,2021-04-16,CA,Torbay,90,36.0,21.85,80,47.6666,-52.7314
15,2021-04-16,CL,Punta Arenas,40,48.2,36.82,61,-53.15,-70.9167
16,2021-04-16,BR,Amapá,100,72.7,2.3,98,1.0,-52.0
17,2021-04-16,PT,Lata,20,66.0,8.05,68,40.1629,-8.3327
18,2021-04-16,ZA,East London,20,60.8,8.05,67,-33.0153,27.9116
19,2021-04-16,FO,Vágur,100,44.96,34.2,91,61.4732,-6.8119
20,2021-04-16,FR,Arrondissement de Perpignan,0,59.0,19.57,21,42.75,2.75
21,2021-04-16,ES,Llanes,6,53.01,14.9,49,43.4198,-4.7549
22,2021-04-16,AR,Mar del Plata,75,73.0,3.44,82,-38.0023,-57.5575
23,2021-04-16,AR,Morón,20,79.0,5.75,53,-34.6534,-58.6198
24,2021-04-16,AR,Ushuaia,40,44.6,34.52,70,-54.8,-68.3
25,2021-04-16,BR,Marabá,40,89.6,3.44,70,-5.3686,-49.1178
26,2021-04-16,US,Elizabeth City,1,61.0,14.97,39,36.2946,-76.2511
27,2021-04-16,US,Kahului,1,64.99,6.91,94,20.8947,-156.47
28,2021-04-16,MX,Guerrero Negro,82,63.61,17.29,62,27.9769,-114.0611
29,2021-04-16,ZA,Bredasdorp,0,62.6,20.71,67,-34.5322,20.0403
30,2021-04-16,RU,Igarka,92,-14.04,8.37,99,67.4667,86.5833
31,2021-04-16,HK,Hong Kong,21,75.0,7.29,85,22.2855,114.1577
32,2021-04-16,ZA,Hermanus,0,66.0,3.0,63,-34.4187,19.2345
33,2021-04-16,MX,Santa Catarina de Tepehuanes,100,76.21,12.44,7,25.35,-105.7333
34,2021-04-16,AF,Panjāb,93,45.34,5.35,54,34.388,67.0233
35,2021-04-16,NZ,Mataura,67,42.01,1.99,94,-46.1927,168.8643
36,2021-04-16,IN,North Vanlaiphai,96,56.84,2.77,97,23.1333,93.0667
37,2021-04-16,US,San Patricio,90,84.2,14.97,79,28.017,-97.5169
38,2021-04-16,MU,Mahébourg,40,77.0,2.3,94,-20.4081,57.7
39,2021-04-16,MX,Ojinaga,1,80.01,4.61,14,29.5667,-104.4167
40,2021-04-16,AU,Geraldton,76,64.4,8.05,48,-28.7667,114.6
41,2021-04-16,SJ,Longyearbyen,75,19.4,14.97,58,78.2186,15.6401
42,2021-04-16,RU,Sanchursk,23,42.82,11.05,67,56.9413,47.2499
43,2021-04-16,GL,Narsaq,20,24.8,35.68,28,60.9167,-46.05
44,2021-04-16,CI,Bangolo,88,90.12,5.44,49,7.0069,-7.475
45,2021-04-16,BR,Natal,75,87.8,16.11,62,-5.795,-35.2094
46,2021-04-16,MN,Khovd,0,46.38,8.39,28,48.0056,91.6419
47,2021-04-16,MX,San Quintín,82,62.31,12.82,68,30.4833,-115.95
48,2021-04-16,PG,Lorengau,89,81.34,9.17,80,-2.0226,147.2712
49,2021-04-16,US,West Wendover,1,44.6,11.5,53,40.7391,-114.0733
50,2021-04-16,RU,Nikolskoye,0,51.8,13.42,25,59.7035,30.7861
51,2021-04-16,AU,Traralgon,4,51.01,2.19,79,-38.1833,146.5333
52,2021-04-16,US,Carpinteria,11,60.01,4.0,28,34.3989,-119.5185
53,2021-04-16,CA,Iqaluit,20,14.0,9.22,67,63.7506,-68.5145
54,2021-04-16,PF,Atuona,88,80.56,19.24,72,-9.8,-139.0333
55,2021-04-16,BR,Senador José Porfírio,100,80.87,3.89,81,-2.5908,-51.9542
56,2021-04-16,FR,Hauterive,75,50.0,16.11,40,46.0901,3.4459
57,2021-04-16,CL,Ancud,40,60.8,10.36,77,-41.8697,-73.8203
58,2021-04-16,ES,Teruel,0,53.6,17.27,28,40.6667,-0.6667
59,2021-04-16,US,Bethel,90,45.0,6.91,70,41.3712,-73.414
60,2021-04-16,SD,Abū Zabad,1,88.65,8.66,7,12.35,29.25
61,2021-04-16,IN,Gohpur,20,73.4,3.44,83,26.8833,93.6333
62,2021-04-16,CN,Yakeshi,95,16.03,1.21,93,49.2833,120.7333
63,2021-04-16,CA,Yellowknife,20,37.4,7.38,60,62.456,-114.3525
64,2021-04-16,RU,Khasan,99,43.5,4.79,76,42.4308,130.6434
65,2021-04-16,GB,Margate,4,46.99,5.01,58,51.3813,1.3862
66,2021-04-16,ZA,Saldanha,9,82.4,9.22,30,-33.0117,17.9442
67,2021-04-16,SZ,Manzini,75,68.0,19.57,45,-26.25,31.5
68,2021-04-16,RU,Onguday,1,44.47,3.69,52,50.75,86.15
69,2021-04-16,US,Spearfish,20,35.01,8.05,100,44.4908,-103.8594
70,2021-04-16,PT,Ponta do Sol,20,66.99,17.27,63,32.6667,-17.1
71,2021-04-16,RE,Saint-Joseph,0,78.8,4.61,78,-21.3667,55.6167
72,2021-04-16,PG,Port Moresby,90,77.0,3.44,100,-9.4431,147.1797
73,2021-04-16,GL,Ilulissat,90,8.6,17.27,92,69.2167,-51.1
74,2021-04-16,CN,Jinchang,13,43.88,6.44,20,38.4953,102.1739
75,2021-04-16,VU,Isangel,59,78.19,4.56,86,-19.55,169.2667
76,2021-04-16,GA,Makokou,100,76.19,3.6,83,0.5738,12.8642
77,2021-04-16,CN,Aksu,59,63.7,5.86,33,41.1231,80.2644
78,2021-04-16,MX,Puerto Escondido,1,86.0,8.05,84,15.85,-97.0667
79,2021-04-16,US,Barrow,1,-2.2,11.5,78,71.2906,-156.7887
80,2021-04-16,TL,Airai,25,57.07,2.91,89,-8.9266,125.4092
81,2021-04-16,CK,Avarua,75,75.2,3.44,88,-21.2078,-159.775
82,2021-04-16,TZ,Ibanda,40,77.0,5.41,69,-2.7974,32.4746
83,2021-04-16,ZA,Cape Town,0,69.8,6.91,56,-33.9258,18.4232
84,2021-04-16,NZ,Dunedin,30,46.99,17.0,74,-45.8742,170.5036
85,2021-04-16,MV,Hithadhoo,16,83.08,5.66,61,-0.6,73.0833
86,2021-04-16,FO,Klaksvík,75,44.6,20.71,100,62.2266,-6.589
87,2021-04-16,RU,Tiksi,99,-8.75,4.16,100,71.6872,128.8694
88,2021-04-16,NZ,Bluff,92,42.01,1.99,94,-46.6,168.3333
89,2021-04-16,BR,São Francisco do Sul,40,82.0,10.36,65,-26.2433,-48.6381
90,2021-04-16,PH,Gigmoto,79,78.96,8.1,87,13.7796,124.39
91,2021-04-16,CL,Diego de Almagro,0,77.61,8.99,21,-26.3667,-70.05
92,2021-04-16,RU,Petropavlovsk-Kamchatskiy,2,30.2,13.42,47,53.0452,158.6483
93,2021-04-16,NG,Yenagoa,100,77.22,7.72,90,4.9247,6.2642
94,2021-04-16,PE,Camaná,28,71.78,7.0,73,-16.6228,-72.7111
95,2021-04-16,AU,Nelson Bay,75,64.99,9.22,67,-32.7167,152.15
96,2021-04-16,OM,Salalah,0,82.4,5.75,74,17.0151,54.0924
97,2021-04-16,GL,Qaanaaq,3,10.67,7.96,62,77.484,-69.3632
98,2021-04-16,PS,Gaza,0,73.0,11.92,40,31.5,34.4667
99,2021-04-16,ID,Bengkulu,71,75.56,3.58,89,-3.8004,102.2655
100,2021-04-16,ID,Sorong,98,78.87,8.84,83,-0.8833,131.25
101,2021-04-16,CL,Constitución,70,66.07,9.22,61,-35.3333,-72.4167
102,2021-04-16,AO,Mossamedes,0,81.95,9.42,70,-15.1961,12.1522
103,2021-04-16,TC,Cockburn Town,40,78.8,5.75,61,21.4612,-71.1419
104,2021-04-16,US,Pacific Grove,40,55.99,6.91,67,36.6177,-121.9166
105,2021-04-16,JP,Nago,75,73.4,6.91,83,26.5881,127.9761
106,2021-04-16,AU,Broken Hill,20,53.6,10.36,54,-31.95,141.4333
107,2021-04-16,ID,Kupang,83,76.21,6.93,88,-10.1667,123.5833
108,2021-04-16,PY,Ygatimi,100,77.25,3.18,63,-24.0833,-55.5
109,2021-04-16,AU,Carnarvon,1,77.29,11.32,37,-24.8667,113.6333
110,2021-04-16,US,Half Moon Bay,40,55.0,5.75,71,37.4636,-122.4286
111,2021-04-16,US,Saint Paul Harbor,90,39.2,6.91,87,57.79,-152.4072
112,2021-04-16,RU,Saskylakh,100,13.71,15.5,94,71.9167,114.0833
113,2021-04-16,EC,Puerto Ayora,75,79.0,10.36,89,-0.7393,-90.3518
114,2021-04-16,LY,Jalu,48,93.22,8.84,9,29.0331,21.5482
115,2021-04-16,US,Laguna,1,59.0,3.44,71,38.421,-121.4238
116,2021-04-16,TO,Vaini,20,69.8,5.75,83,-21.2,-175.2
117,2021-04-16,CL,Panguipulli,90,48.2,6.91,100,-39.6333,-72.3333
118,2021-04-16,RU,Klyuchi,25,53.78,10.49,67,52.2667,79.1667
119,2021-04-16,CO,Puerto Nariño,40,87.8,5.75,58,-3.7703,-70.3831
120,2021-04-16,PH,Pandan,85,78.71,8.99,87,14.0453,124.1694
121,2021-04-16,RU,Khatanga,100,6.28,10.96,95,71.9667,102.5
122,2021-04-16,RU,Evensk,99,16.57,0.89,96,61.95,159.2333
123,2021-04-16,CO,Inírida,86,86.7,1.48,69,3.8653,-67.9239
124,2021-04-16,US,Jamestown,90,37.99,13.8,93,42.097,-79.2353
125,2021-04-16,BR,Arraial do Cabo,40,82.4,16.11,50,-22.9661,-42.0278
126,2021-04-16,JP,Fukuechō,100,61.54,3.65,84,32.6881,128.8419
127,2021-04-16,CA,Cap-aux-Meules,81,39.2,19.57,75,47.3821,-61.8597
128,2021-04-16,MX,Progreso,75,93.99,6.91,51,21.2833,-89.6667
129,2021-04-16,GA,Booué,94,81.59,1.86,79,-0.0921,11.9385
130,2021-04-16,UZ,Andijan,22,60.8,13.42,48,40.7821,72.3442
131,2021-04-16,UY,Chui,47,74.03,2.62,72,-33.6971,-53.4616
132,2021-04-16,KE,Kitui,38,68.67,2.77,74,-1.367,38.0106
133,2021-04-16,CA,Tuktoyaktuk,90,12.2,4.61,92,69.4541,-133.0374
134,2021-04-16,IR,Kerman,40,69.8,13.8,24,30.2832,57.0788
135,2021-04-16,NG,Lagos,40,91.4,9.22,62,6.5833,3.75
136,2021-04-16,BD,Mathbaria,50,79.93,5.39,71,22.2876,89.9593
137,2021-04-16,AU,Moree,90,64.4,9.22,52,-29.4667,149.85
138,2021-04-16,US,Devils Lake,90,39.2,9.22,60,48.1128,-98.8651
139,2021-04-16,RU,Talnakh,100,-8.88,4.94,99,69.4865,88.3972
140,2021-04-16,CN,Kumul,0,61.59,7.31,10,42.8,93.45
141,2021-04-16,PH,Dingle,72,76.91,4.61,85,10.9995,122.6711
142,2021-04-16,CN,Yatou,79,45.23,11.36,71,37.15,122.3833
143,2021-04-16,IR,Chabahar,7,82.0,8.95,63,25.2919,60.643
144,2021-04-16,AR,Trelew,92,71.13,18.45,24,-43.249,-65.3051
145,2021-04-16,RU,Agirish,75,27.79,5.64,79,61.9247,63.0231
146,2021-04-16,OM,Ruwi,0,86.0,1.14,54,23.5996,58.5507
147,2021-04-16,KI,Butaritari,99,81.19,6.04,74,3.0707,172.7902
148,2021-04-16,PF,Tautira,20,77.0,3.44,78,-17.7333,-149.15
149,2021-04-16,EE,Kärdla,0,44.6,13.8,57,58.9978,22.7492
150,2021-04-16,KZ,Makīnsk,48,44.67,14.36,84,52.6292,70.4169
151,2021-04-16,NZ,Levin,98,59.0,3.0,81,-40.6333,175.275
152,2021-04-16,IS,Vestmannaeyjar,75,42.8,21.85,65,63.4427,-20.2734
153,2021-04-16,TZ,Sokoni,20,80.6,10.36,83,-6.4333,39.55
154,2021-04-16,NZ,Te Anau,80,40.8,3.36,92,-45.4167,167.7167
155,2021-04-16,CA,Thompson,75,42.8,4.61,26,55.7435,-97.8558
156,2021-04-16,RU,Baykit,83,6.06,9.57,84,61.67,96.37
157,2021-04-16,US,Hamilton,75,57.0,8.05,50,39.1834,-84.5333
158,2021-04-16,RU,Chokurdakh,99,-11.07,7.74,100,70.6333,147.9167
159,2021-04-16,RU,Dikson,100,-8.93,7.56,99,73.5069,80.5464
160,2021-04-16,IR,Gachsaran,0,75.2,6.91,17,30.3586,50.7981
161,2021-04-16,PH,City of San Pedro,20,82.4,5.75,69,14.35,121.0167
162,2021-04-16,BY,Forsytheganj,85,46.9,4.34,88,52.6333,29.7333
163,2021-04-16,RU,Provideniya,98,25.02,7.02,99,64.3833,-173.3
164,2021-04-16,CL,Lebu,52,59.85,12.24,67,-37.6167,-73.65
165,2021-04-16,CV,Praia,40,77.0,26.46,57,14.9215,-23.5087
166,2021-04-16,MZ,Quelimane,40,78.8,5.75,69,-17.8786,36.8883
167,2021-04-16,US,Saint George,6,61.0,1.12,32,37.1041,-113.5841
168,2021-04-16,MX,Cabo San Lucas,1,86.0,4.61,34,22.8909,-109.9124
169,2021-04-16,AU,Mount Isa,0,71.6,23.02,30,-20.7333,139.5
170,2021-04-16,RU,Vokhtoga,8,42.26,6.55,66,58.8147,41.0461
171,2021-04-16,ZA,Port Alfred,1,63.72,14.97,59,-33.5906,26.891
172,2021-04-16,TD,Moussoro,4,96.1,10.69,3,13.6408,16.4901
173,2021-04-16,ID,Kendari,47,74.52,3.36,87,-3.945,122.4989
174,2021-04-16,NO,Tonstad,84,48.99,6.58,57,58.6626,6.7169
175,2021-04-16,IN,Port Blair,79,80.69,10.13,77,11.6667,92.75
176,2021-04-16,CN,Puyang,100,60.04,1.16,94,29.4603,119.8861
177,2021-04-16,US,College,20,34.0,0.47,86,64.8569,-147.8028
178,2021-04-16,NG,Bara,31,99.03,6.58,6,10.3744,10.7288
179,2021-04-16,AU,New Norfolk,100,52.0,5.01,71,-42.7826,147.0587
180,2021-04-16,EG,Marsá Maţrūḩ,0,73.4,16.11,49,31.3525,27.2453
181,2021-04-16,PT,Camacha,40,66.2,13.8,59,33.0833,-16.3333
182,2021-04-16,US,Lompoc,52,54.0,8.39,76,34.6391,-120.4579
183,2021-04-16,RU,Elban,100,35.56,5.5,90,50.1018,136.5094
184,2021-04-16,TO,Neiafu,40,75.2,13.33,94,-18.65,-173.9833
185,2021-04-16,RU,Nizhnekamsk,0,46.4,13.42,46,55.6366,51.8245
186,2021-04-16,AI,The Valley,75,84.2,10.36,83,18.217,-63.0578
187,2021-04-16,AR,Santa Fe,0,86.0,4.0,41,-31.6333,-60.7
188,2021-04-16,US,Fortuna,1,44.6,3.44,93,40.5982,-124.1573
189,2021-04-16,BR,Caravelas,17,80.47,10.09,60,-17.7125,-39.2481
190,2021-04-16,NO,Berlevåg,75,37.4,23.02,87,70.8578,29.0864
191,2021-04-16,CR,Paraíso,75,80.6,17.27,61,9.8383,-83.8656
192,2021-04-16,ES,Los Llanos de Aridane,40,73.4,16.11,64,28.6585,-17.9182
193,2021-04-16,SA,Riyadh,0,86.0,9.22,9,24.6877,46.7219
194,2021-04-16,AO,Lucapa,79,69.78,0.63,88,-8.4192,20.7447
195,2021-04-16,TR,Akşehir,94,59.43,6.04,47,38.3575,31.4164
196,2021-04-16,IT,Frattaminore,40,53.6,6.91,47,40.9555,14.2727
197,2021-04-16,CA,Aklavik,40,17.6,3.44,73,68.2191,-135.0107
198,2021-04-16,JP,Katsuura,95,59.0,1.99,80,35.1333,140.3
199,2021-04-16,MX,Ajuchitlán,1,75.2,14.97,29,20.7167,-100.0167
200,2021-04-16,IN,Gīdam,70,83.98,0.89,35,18.9833,81.4
201,2021-04-16,MY,Pekan,20,80.6,2.55,89,3.4836,103.3996
202,2021-04-16,PF,Faanui,14,81.16,9.95,75,-16.4833,-151.75
203,2021-04-16,MX,Ciudad del Carmen,1,86.0,14.97,66,18.6333,-91.8333
204,2021-04-16,PT,Lagoa,100,61.32,20.67,93,39.05,-27.9833
205,2021-04-16,RU,Naryan-Mar,100,24.37,7.31,95,67.6713,53.087
206,2021-04-16,RU,Severo-Kuril'sk,28,31.23,13.49,80,50.6789,156.125
207,2021-04-16,RU,Shimorskoye,99,54.73,13.8,73,55.3244,42.0267
208,2021-04-16,US,Mt. Pleasant,1,64.4,5.75,36,32.7941,-79.8626
209,2021-04-16,CD,Mbandaka,100,76.78,4.97,84,0.0487,18.2603
210,2021-04-16,NA,Henties Bay,82,72.73,12.03,64,-22.116,14.2845
211,2021-04-16,NO,Raudeberg,0,48.0,9.13,51,61.9875,5.1352
212,2021-04-16,IE,Greystones,96,53.01,13.56,63,53.1408,-6.0631
213,2021-04-16,MU,Bambous Virieux,40,79.0,2.3,94,-20.3428,57.7575
214,2021-04-16,CA,Clyde River,1,12.2,42.57,85,70.4692,-68.5914
215,2021-04-16,PG,Kavieng,100,80.89,9.71,79,-2.5744,150.7967
216,2021-04-16,RU,Volokolamsk,100,52.34,14.61,75,56.0336,35.9694
217,2021-04-16,MZ,Pemba,68,78.13,11.97,82,-12.974,40.5178
218,2021-04-16,SS,Juba,100,86.49,2.89,42,4.8517,31.5825
219,2021-04-16,AR,Comodoro Rivadavia,40,69.8,23.02,30,-45.8667,-67.5
220,2021-04-16,AU,Yulara,0,57.2,8.05,58,-25.2406,130.9889
221,2021-04-16,IN,Sirsilla,4,88.47,4.68,26,18.3833,78.8333
222,2021-04-16,RU,Dubovka,0,60.8,4.47,39,49.0583,44.829
223,2021-04-16,NZ,Kaeo,31,62.01,4.0,90,-35.1,173.7833
224,2021-04-16,CA,Saint-Augustin,51,35.11,10.67,56,51.226,-58.6502
225,2021-04-16,PK,Malakwal,100,71.37,12.1,53,32.5536,73.2123
226,2021-04-16,BR,São Paulo de Olivença,27,82.85,3.98,82,-3.3783,-68.8725
227,2021-04-16,NA,Lüderitz,99,82.35,13.6,31,-26.6481,15.1594
228,2021-04-16,NZ,Kaitangata,39,44.01,4.0,81,-46.2817,169.8464
229,2021-04-16,VN,Bac Lieu,88,82.49,6.82,74,9.285,105.7244
230,2021-04-16,RU,Mortka,10,30.92,3.2,52,59.3322,66.0214
231,2021-04-16,RU,Pevek,100,20.07,9.71,95,69.7008,170.3133
232,2021-04-16,MU,Grand Gaube,95,79.0,11.05,84,-20.0064,57.6608
233,2021-04-16,AU,Hobart,40,54.0,10.36,58,-42.8794,147.3294
234,2021-04-16,GT,Esquipulas,40,82.4,5.75,54,14.5667,-89.35
235,2021-04-16,LK,Matara,93,77.13,2.91,88,5.9485,80.5353
236,2021-04-16,OM,Sur,24,84.49,2.28,54,22.5667,59.5289
237,2021-04-16,DO,Baní,75,84.2,9.22,65,18.2833,-70.3333
238,2021-04-16,IE,Skibbereen,75,46.4,11.5,71,51.55,-9.2667
239,2021-04-16,BR,Castro,64,75.94,3.87,45,-24.7911,-50.0119
240,2021-04-16,CN,Linxia Chengguanzhen,66,44.83,3.22,31,35.6003,103.2064
241,2021-04-16,IN,Tezu,82,76.33,4.59,36,27.9167,96.1667
242,2021-04-16,RU,Verkhoyansk,85,6.49,5.79,93,67.5447,133.385
243,2021-04-16,SB,Buala,76,79.59,3.47,84,-8.145,159.5921
244,2021-04-16,NA,Bethanien,20,75.13,16.91,28,-26.502,17.1583
245,2021-04-16,TR,Erzin,66,71.01,4.63,49,36.9559,36.2
246,2021-04-16,BO,Mizque,53,75.67,6.08,46,-17.941,-65.3402
247,2021-04-16,GB,Great Yarmouth,0,48.99,11.5,46,52.6083,1.7305
248,2021-04-16,SD,Umm Kaddadah,3,83.95,11.7,6,13.6017,26.6876
249,2021-04-16,NC,Koumac,43,75.11,10.49,84,-20.5667,164.2833
250,2021-04-16,MX,Santander Jiménez,21,91.22,7.25,46,24.2167,-98.4667
251,2021-04-16,JP,Kadoma,100,57.99,6.33,54,34.7333,135.5833
252,2021-04-16,RE,Saint-Philippe,0,78.8,4.61,78,-21.3585,55.7679
253,2021-04-16,TZ,Liwale,92,69.51,4.43,97,-9.7667,37.9333
254,2021-04-16,BW,Serowe,25,75.06,6.35,31,-22.3833,26.7167
255,2021-04-16,AU,Hervey Bay,1,66.99,1.01,86,-25.2986,152.8535
256,2021-04-16,MX,Matamoros,20,84.99,5.35,10,25.5333,-103.25
257,2021-04-16,UY,Juan Lacaze,20,72.0,4.61,83,-34.4342,-57.4381
258,2021-04-16,PT,Ribeira Grande,75,62.6,16.11,100,38.5167,-28.7
259,2021-04-16,ES,Teguise,40,73.4,21.85,56,29.0605,-13.564
260,2021-04-16,PH,Marawi,100,77.0,5.99,88,7.9986,124.2928
261,2021-04-16,US,Southbridge,100,36.0,12.12,98,42.0751,-72.0334
262,2021-04-16,US,Lenoir City,95,55.99,5.75,49,35.7973,-84.256
263,2021-04-16,BR,Itarema,88,84.04,14.25,71,-2.9248,-39.9167
264,2021-04-16,KZ,Fort-Shevchenko,6,53.76,9.82,73,44.5086,50.263
265,2021-04-16,BR,Salinópolis,99,79.5,9.8,85,-0.6136,-47.3561
266,2021-04-16,US,Kingman,20,62.6,5.75,16,35.1894,-114.053
267,2021-04-16,ID,Balikpapan,99,77.76,6.89,84,-1.2675,116.8289
268,2021-04-16,NO,Lakselv,75,44.6,24.16,65,70.0513,24.9718
269,2021-04-16,IN,Tura,56,74.03,9.84,55,25.5198,90.2201
270,2021-04-16,PE,Zorritos,40,86.0,3.44,66,-3.6805,-80.6782
271,2021-04-16,ID,Meulaboh,95,77.72,4.12,86,4.1363,96.1285
272,2021-04-16,AR,San Vicente,100,75.4,2.26,51,-26.6167,-54.1333
273,2021-04-16,RU,Voyvozh,99,35.26,8.03,85,62.892,54.9635
274,2021-04-16,KH,Lumphat,54,74.66,2.48,93,13.4878,106.9816
275,2021-04-16,RU,Igrim,100,27.64,6.49,79,63.1906,64.4162
276,2021-04-16,RU,Svetlaya,93,37.27,2.86,91,46.5389,138.3297
277,2021-04-16,CN,Jishou,96,58.28,2.24,91,28.3167,109.7167
278,2021-04-16,LY,Bani Walid,43,94.41,24.09,6,31.7566,13.9942
279,2021-04-16,US,Fairbanks,1,34.0,0.51,86,64.8378,-147.7164
280,2021-04-16,AO,Menongue,60,69.85,3.29,56,-14.6585,17.691
281,2021-04-16,IT,Porto Empedocle,38,55.0,1.01,58,37.2934,13.5264
282,2021-04-16,PH,Callaguip,13,81.41,3.2,72,18.0714,120.4867
283,2021-04-16,IR,Tonekābon,20,60.8,2.3,72,36.8163,50.8738
284,2021-04-16,CN,Yashan,91,75.0,3.87,90,22.1975,109.9419
285,2021-04-16,ID,Pemangkat,99,77.77,3.85,85,1.1667,108.9667
286,2021-04-16,ML,Goundam,96,106.14,0.63,10,16.4145,-3.6708
287,2021-04-16,FR,Arrondissement de Provins,100,48.0,5.99,52,48.5833,3.1667
288,2021-04-16,NG,Kafanchan,64,91.62,11.81,30,9.5833,8.3
289,2021-04-16,ES,Tías,40,73.4,21.85,56,28.9611,-13.645
290,2021-04-16,GH,Esim,61,83.91,9.55,72,4.8699,-2.2405
291,2021-04-16,AU,Codrington,68,52.3,5.61,67,-38.2667,141.9667
292,2021-04-16,CV,Praia,40,77.0,26.46,57,14.9215,-23.5087
293,2021-04-16,SA,Faya,40,69.8,9.22,28,18.3851,42.4509
294,2021-04-16,RU,Orlik,41,23.49,3.71,83,52.5178,99.825
295,2021-04-16,US,Houma,90,72.0,9.22,88,29.5958,-90.7195
296,2021-04-16,CV,São Filipe,1,72.54,14.36,70,14.8961,-24.4956
297,2021-04-16,CL,Vilcún,0,62.6,5.75,63,-38.65,-72.2333
298,2021-04-16,MA,Nador,75,60.8,6.91,72,35.174,-2.9287
299,2021-04-16,CU,Gibara,48,86.0,5.75,42,21.1097,-76.1317
300,2021-04-16,MU,Souillac,40,77.0,2.3,94,-20.5167,57.5167
301,2021-04-16,ZA,Kruisfontein,25,62.01,5.01,58,-34.0033,24.7314
302,2021-04-16,IN,Bāg,2,89.96,10.8,19,22.3667,74.7667
303,2021-04-16,RU,Ossora,100,15.21,6.04,84,59.2353,163.0719
304,2021-04-16,MX,Tamiahua,64,87.73,6.69,61,21.2667,-97.45
305,2021-04-16,CA,Port Hardy,1,48.2,3.44,76,50.6996,-127.4199
306,2021-04-16,ID,Ambon City,74,80.49,4.54,78,-3.6954,128.1814
307,2021-04-16,TZ,Mgandu,100,62.04,4.25,96,-5.95,34.1333
308,2021-04-16,UZ,Yangi Marg`ilon,6,64.4,2.3,45,40.4272,71.7189
309,2021-04-16,RU,Ust-Kuyga,91,-6.54,2.51,99,70.0167,135.6
310,2021-04-16,US,San Angelo,90,62.6,8.05,94,31.4638,-100.437
311,2021-04-16,RU,Bolshaya Glushitsa,22,54.0,1.99,49,50.2406,43.5908
312,2021-04-16,RU,Lavrentiya,100,31.66,16.22,95,65.5833,-171.0
313,2021-04-16,NC,Poum,29,78.4,18.1,76,-20.2333,164.0167
314,2021-04-16,GB,Newport,54,53.01,1.01,55,51.5877,-2.9984
315,2021-04-16,BR,Matelândia,75,73.4,3.44,78,-25.2408,-53.9964
316,2021-04-16,NC,Noumea,40,75.0,2.3,88,-22.2763,166.4572
317,2021-04-16,RO,Asău,64,44.01,7.83,39,46.4333,26.4
318,2021-04-16,RU,Gdov,100,46.72,11.21,53,58.7406,27.8122
319,2021-04-16,RU,Mukhen,70,38.34,5.28,65,48.1,136.1
320,2021-04-16,RU,Yar-Sale,96,16.61,15.03,86,66.8333,70.8333
321,2021-04-16,US,Pacifica,40,54.0,5.75,71,37.6138,-122.4869
322,2021-04-16,BF,Bobo-Dioulasso,20,95.0,12.66,36,11.1771,-4.2979
323,2021-04-16,BR,Alta Floresta,89,84.72,3.71,66,-9.8756,-56.0861
324,2021-04-16,MA,Marrakesh,75,75.2,8.05,38,31.6315,-8.0083
325,2021-04-16,RU,Synya,99,25.95,0.43,89,65.3718,58.0387
326,2021-04-16,US,Ketchikan,1,44.6,6.91,81,55.3422,-131.6461
327,2021-04-16,CN,Fuxin,60,41.72,15.77,51,42.0156,121.6589
328,2021-04-16,RU,Kysyl-Syr,82,26.56,12.17,84,63.8986,122.7617
329,2021-04-16,FR,Vauvert,0,55.4,13.8,32,43.7,4.2833
330,2021-04-16,US,Nantucket,90,44.6,28.77,76,41.2835,-70.0995
331,2021-04-16,RU,Yerbogachën,58,18.07,10.49,79,61.2767,108.0108
332,2021-04-16,RU,Katangli,100,27.75,2.26,91,51.7102,143.2326
333,2021-04-16,IR,Khāsh,100,71.58,6.58,19,28.2211,61.2158
334,2021-04-16,ID,Sumenep,48,79.34,4.68,77,-7.0167,113.8667
335,2021-04-16,IN,Harsūd,36,92.61,7.07,16,22.1,76.7333
336,2021-04-16,RU,Kadyy,28,42.94,8.5,71,57.787,43.1903
337,2021-04-16,CA,Whitehorse,90,37.4,4.61,70,60.7161,-135.0538
338,2021-04-16,US,Westport,90,48.99,13.8,66,41.1415,-73.3579
339,2021-04-16,FO,Vestmanna,75,44.6,20.71,100,62.1564,-7.1664
340,2021-04-16,NE,Diffa,77,94.46,7.83,5,13.3154,12.6113
341,2021-04-16,US,Broome,90,39.99,9.22,93,42.2506,-75.833
342,2021-04-16,US,San Francisco,40,54.0,5.75,71,37.7749,-122.4194
343,2021-04-16,US,Las Vegas,1,66.99,5.48,17,36.175,-115.1372
344,2021-04-16,AU,Murray Bridge,5,51.01,1.99,93,-35.1167,139.2667
345,2021-04-16,JP,Kamaishi,100,52.52,12.66,85,39.2667,141.8833
346,2021-04-16,US,Sheridan,90,35.01,11.5,80,44.8333,-106.9173
347,2021-04-16,YE,Aden,0,81.48,18.88,74,12.7794,45.0367
348,2021-04-16,US,Redmond,0,64.0,1.01,50,47.674,-122.1215
349,2021-04-16,BR,Rio Grande,20,78.8,4.61,69,-32.035,-52.0986
350,2021-04-16,IN,Churāchāndpur,99,61.45,4.99,90,24.3333,93.6667
351,2021-04-16,CN,Guangshui,100,58.53,2.13,68,31.6199,113.9978
352,2021-04-16,TR,Güzelyurt,75,64.4,3.44,32,38.2772,34.3719
353,2021-04-16,RU,Lashma,95,55.67,13.53,75,54.9321,41.1438
354,2021-04-16,AF,Oruzgan,91,58.23,2.77,51,32.8333,66.0
355,2021-04-16,US,Springdale,90,53.01,6.91,100,36.1867,-94.1288
356,2021-04-16,US,Brigantine,90,51.8,19.57,54,39.4101,-74.3646
357,2021-04-16,CA,Shelburne,90,42.01,12.66,87,44.0787,-80.2041
358,2021-04-16,GB,Bridlington,20,48.0,7.0,66,54.0831,-0.1919
359,2021-04-16,KZ,Zhangaözen,0,61.3,11.25,41,43.3,52.8
360,2021-04-16,KZ,Ayagoz,5,53.51,6.69,35,47.9714,80.4392
361,2021-04-16,BR,Monte Santo,15,92.21,6.62,29,-10.4378,-39.3328
362,2021-04-16,BR,Boa Viagem,99,92.39,9.78,35,-5.1275,-39.7322
363,2021-04-16,US,Ascension,90,66.2,5.75,94,30.2169,-90.9001
364,2021-04-16,ID,Kawalu,46,72.41,1.1,95,-7.3817,108.2082
365,2021-04-16,EG,Alexandria,0,77.0,9.22,61,31.2156,29.9553
366,2021-04-16,RU,Deputatsky,43,-8.36,3.85,91,69.3,139.9
367,2021-04-16,IN,Lātehār,28,80.42,5.46,21,23.75,84.5
368,2021-04-16,US,Eureka,90,44.6,3.44,100,40.8021,-124.1637
369,2021-04-16,US,Festus,100,57.0,5.19,59,38.2206,-90.396
370,2021-04-16,US,Nome,90,21.2,10.36,93,64.5011,-165.4064
371,2021-04-16,CL,Vallenar,0,78.42,6.8,41,-28.5708,-70.7581
372,2021-04-16,CA,Norman Wells,20,32.0,2.3,74,65.282,-126.8329
373,2021-04-16,ID,Kroya,48,78.28,5.37,85,-7.6331,109.2461
374,2021-04-16,ES,Muros,73,70.0,8.01,37,42.7762,-9.0603
375,2021-04-16,AU,Port Hedland,1,77.0,6.91,57,-20.3167,118.5667
376,2021-04-16,NP,Kathmandu,75,57.2,2.3,100,27.7167,85.3167
377,2021-04-16,AU,Alice Springs,0,61.0,8.05,66,-23.7,133.8833
378,2021-04-16,NZ,Ahipara,18,61.66,11.48,79,-35.1667,173.1667
379,2021-04-16,BR,Santa Luzia,40,78.8,3.44,44,-19.7697,-43.8514
380,2021-04-16,PE,Juliaca,20,59.0,3.44,41,-15.5,-70.1333
381,2021-04-16,RU,Belyy Yar,0,48.2,11.18,49,53.6039,91.3903
382,2021-04-16,NO,Roald,0,48.2,5.75,46,62.5833,6.1333
383,2021-04-16,CN,Nanhai,100,64.0,4.5,87,30.1282,111.7784
384,2021-04-16,FR,Chaumont,100,44.01,5.01,56,48.1167,5.1333
385,2021-04-16,PL,Węgorzewo,100,45.3,8.97,90,54.2157,21.7372
386,2021-04-16,BR,Bagé,40,78.8,1.14,65,-31.3314,-54.1069
387,2021-04-16,BR,Tutóia,40,89.6,14.97,66,-2.7619,-42.2744
388,2021-04-16,RU,Suoyarvi,4,37.98,4.34,91,62.0833,32.35
389,2021-04-16,NZ,Tuatapere,71,42.01,1.99,94,-46.1333,167.6833
390,2021-04-16,RU,Kamenka,61,61.0,5.19,36,51.3223,42.7678
391,2021-04-16,MN,Ulaangom,1,42.69,0.56,44,49.9811,92.0667
392,2021-04-16,US,North Platte,90,35.6,9.22,87,41.1239,-100.7654
393,2021-04-16,BR,São Raimundo Nonato,88,96.53,6.51,25,-9.0153,-42.6994
394,2021-04-16,IS,Olafsvik,78,37.96,33.93,66,64.8945,-23.7142
395,2021-04-16,NO,Sistranda,0,53.6,4.61,35,63.7256,8.834
396,2021-04-16,CA,Sioux Lookout,40,39.2,8.05,33,50.1001,-91.917
397,2021-04-16,CA,High Level,20,48.2,9.22,46,58.5169,-117.136
398,2021-04-16,SY,Yabrūd,0,77.0,5.75,22,33.9674,36.6574
399,2021-04-16,SS,Maridi,61,81.73,5.26,43,4.9158,29.4742
400,2021-04-16,ID,Labuhan,9,77.68,6.69,85,-6.8844,112.2051
401,2021-04-16,RS,Belgrade,0,50.0,5.75,43,44.804,20.4651
402,2021-04-16,US,Mayo,90,55.0,13.8,47,38.8876,-76.5119
403,2021-04-16,BI,Rutana Province,73,57.7,2.46,95,-3.8667,30.1
404,2021-04-16,IN,Amalāpuram,20,82.4,5.75,78,16.5833,82.0167
405,2021-04-16,NU,Alofi,98,68.0,4.34,100,-19.0595,-169.9187
406,2021-04-16,MZ,Mocuba,96,71.76,6.8,85,-16.8392,36.9856
407,2021-04-16,US,Makakilo City,1,66.2,3.44,82,21.3469,-158.0858
408,2021-04-16,CN,Jingdezhen,100,61.2,1.92,90,29.2947,117.2079
409,2021-04-16,RU,Bilibino,100,17.37,6.13,95,68.0546,166.4372
410,2021-04-16,DO,La Romana,20,86.0,8.05,70,18.4273,-68.9728
411,2021-04-16,ZM,Samfya,59,70.11,5.26,71,-11.3649,29.5565
412,2021-04-16,CI,Grand-Lahou,100,84.63,10.76,70,5.1367,-5.0242
413,2021-04-16,TZ,Kilosa,42,70.74,1.86,95,-6.8333,36.9833
414,2021-04-16,EG,Beni Suef,1,84.9,16.51,13,29.0731,31.0979
415,2021-04-16,ZM,Kalabo,12,72.66,5.55,47,-14.97,22.6814
416,2021-04-16,CN,Zhuhai,40,75.2,9.22,83,22.2769,113.5678
417,2021-04-16,US,Weston,3,87.01,4.18,54,26.1004,-80.3998
418,2021-04-16,CA,Bay Roberts,100,37.0,13.0,78,47.5999,-53.2648
419,2021-04-16,ZA,Port Elizabeth,0,62.6,10.36,63,-33.918,25.5701
420,2021-04-16,JP,Hirara,78,74.68,11.34,84,24.8,125.2833
421,2021-04-16,NO,Svarstad,0,54.0,11.5,40,59.399,9.9698
422,2021-04-16,NO,Honningsvåg,75,41.0,28.77,87,70.9821,25.9704
423,2021-04-16,KZ,Kurchum,1,50.76,6.78,45,48.5722,83.6542
424,2021-04-16,US,Key West,1,82.0,6.91,69,24.5557,-81.7826
425,2021-04-16,LK,Kalmunai,97,77.61,9.26,87,7.4167,81.8167
426,2021-04-16,MX,San Miguel de Cozumel,40,86.0,12.66,58,20.5083,-86.9458
427,2021-04-16,BB,Bathsheba,40,86.0,17.27,51,13.2167,-59.5167
428,2021-04-16,NE,Bilma,30,97.7,9.42,4,18.6853,12.9164
429,2021-04-16,UA,Amvrosiyivka,61,49.01,6.53,78,47.7935,38.4777
430,2021-04-16,CN,Huilong,100,63.0,6.24,86,31.8111,121.655
431,2021-04-16,AR,General Pico,5,79.11,7.02,55,-35.6566,-63.7568
432,2021-04-16,RU,Pudozh,1,35.13,3.31,94,61.8099,36.5345
433,2021-04-16,CN,Wanning,80,76.44,2.3,89,18.8003,110.3967
434,2021-04-16,AR,Necochea,20,68.0,8.66,78,-38.5473,-58.7368
435,2021-04-16,MX,Mier,75,87.8,9.22,62,26.4333,-99.15
436,2021-04-16,PE,Sechura,99,76.39,4.79,65,-5.5569,-80.8222
437,2021-04-16,GL,Nanortalik,36,22.06,47.45,51,60.1432,-45.2371
438,2021-04-16,NZ,Wanaka,62,39.99,4.12,91,-44.7,169.15
439,2021-04-16,CN,Laichow,99,48.97,5.59,53,37.1717,119.9214
440,2021-04-16,GB,Lerwick,20,46.4,14.97,76,60.1545,-1.1494
441,2021-04-16,RU,Udachny,96,5.05,19.06,92,66.4167,112.4
442,2021-04-16,BR,Trairi,78,84.97,13.2,68,-3.2778,-39.2689
443,2021-04-16,IS,Hofn,75,46.4,17.27,76,64.2539,-15.2082
444,2021-04-16,US,Sitka,20,39.2,0.76,100,57.0531,-135.33
445,2021-04-16,CN,Wuwei,82,45.64,5.57,27,37.9281,102.6414
446,2021-04-16,IS,Grindavik,75,37.4,29.93,87,63.8424,-22.4338
447,2021-04-16,PH,Karligan,100,79.32,8.93,77,14.975,122.0456
448,2021-04-16,AU,Alyangula,29,73.4,6.55,100,-13.8483,136.4192
449,2021-04-16,IN,Dhāna,11,87.69,7.2,17,23.75,78.85
450,2021-04-16,US,Rincon,90,64.4,8.05,55,32.296,-81.2354
451,2021-04-16,RU,Aykhal,80,4.32,28.19,94,66.0,111.5
452,2021-04-16,LK,Wattegama,100,73.04,4.09,93,6.7989,81.4808
453,2021-04-16,MN,Baruun-Urt,5,29.77,8.66,43,46.6806,113.2792
454,2021-04-16,ID,Waingapu,32,76.32,6.24,83,-9.6567,120.2641
455,2021-04-16,HR,Karlovac,82,51.01,1.99,45,45.4872,15.5478
456,2021-04-16,CO,El Carmen,86,80.74,2.64,70,8.5106,-73.4478
457,2021-04-16,RU,Nyrob,57,28.65,2.24,92,60.733,56.7202
458,2021-04-16,GE,Tskaltubo,0,64.4,18.41,59,42.3254,42.5979
459,2021-04-16,CA,Sept-Îles,75,39.0,16.11,65,50.2001,-66.3821
460,2021-04-16,SB,Kirakira,56,78.89,5.99,85,-10.4544,161.9205
461,2021-04-16,IN,Shujālpur,40,87.8,6.91,33,23.4,76.7167
462,2021-04-16,IR,Baft,34,61.77,8.99,25,29.234,56.6057
463,2021-04-16,CN,Beidao,58,50.58,4.52,34,34.5686,105.8933
464,2021-04-16,VN,Turan,40,78.8,3.44,83,16.0678,108.2208
465,2021-04-16,AR,Rawson,91,69.12,16.6,32,-43.3002,-65.1023
466,2021-04-16,US,Lady Lake,90,79.0,7.02,69,28.9175,-81.9229
467,2021-04-16,RU,Troitskoye,78,41.14,5.32,90,52.9821,84.6757
468,2021-04-16,CO,Corozal,100,88.56,10.0,57,9.3151,-75.2928
469,2021-04-16,NO,Vardø,75,37.4,14.97,87,70.3705,31.1107
470,2021-04-16,NZ,Waitara,83,53.01,7.0,87,-38.925,174.25
471,2021-04-16,PE,Hualmay,27,73.04,9.69,71,-11.0964,-77.6139
472,2021-04-16,AR,Bahía Blanca,63,77.41,2.55,46,-38.7196,-62.2724
473,2021-04-16,AU,Kununurra,100,69.8,4.56,94,-15.7667,128.7333
474,2021-04-16,NO,Tromsø,75,41.0,21.85,81,69.6496,18.957
475,2021-04-16,US,Miles City,90,37.4,8.05,70,46.4083,-105.8406
476,2021-04-16,NO,Sørland,20,44.6,13.8,87,67.667,12.6934
477,2021-04-16,CN,Luoyang,0,52.5,2.06,22,34.6836,112.4536
478,2021-04-16,ML,Tessalit,10,102.81,10.09,5,20.1986,1.0114
479,2021-04-16,CA,Port-Cartier,75,39.0,16.11,65,50.0334,-66.8654
480,2021-04-16,TR,Nizip,0,68.0,1.14,34,37.0097,37.7942
481,2021-04-16,CA,Halifax,75,46.99,23.02,65,44.6453,-63.5724
482,2021-04-16,RU,Turukhansk,100,-5.89,11.25,95,65.8167,87.9833
483,2021-04-16,PG,Daru,45,79.07,8.7,83,-9.0763,143.2092
484,2021-04-16,AU,Charters Towers,0,66.34,7.52,90,-20.1,146.2667
485,2021-04-16,BR,Cidreira,86,76.33,6.8,60,-30.1811,-50.2056
486,2021-04-16,BR,Tucumã,100,79.25,4.45,81,-0.1833,-50.05
487,2021-04-16,MR,Adrar,35,90.5,10.76,14,20.5022,-10.0711
488,2021-04-16,ML,Kidal,100,102.72,7.31,4,18.4411,1.4078
489,2021-04-16,MX,Acapulco de Juárez,20,82.4,4.61,65,16.8634,-99.8901
490,2021-04-16,AU,Esperance,100,55.4,5.75,82,-33.8667,121.9
491,2021-04-16,RU,Leningradskiy,98,23.18,8.95,81,69.3833,178.4167
492,2021-04-16,PR,Naguabo,75,84.99,10.36,70,18.2116,-65.7349
493,2021-04-16,MG,Ambilobe,94,76.19,1.36,90,-13.2,49.05
494,2021-04-16,GE,Sukhumi,88,58.55,4.23,70,43.0033,41.0153
495,2021-04-16,PE,Ayna,40,66.2,10.36,55,-12.65,-73.9167
496,2021-04-16,PE,Paita,0,82.4,14.97,74,-5.0892,-81.1144
497,2021-04-16,PT,Praia da Vitória,40,64.4,17.11,82,38.7333,-27.0667
498,2021-04-16,CN,Jieshi,7,71.04,4.18,81,22.8134,115.8257
499,2021-04-16,CO,Cumaral,98,85.15,5.1,63,4.2708,-73.4867
500,2021-04-16,MZ,Macia,100,69.44,16.22,63,-25.0269,33.0989
501,2021-04-16,US,East Patchogue,75,51.01,14.97,61,40.767,-72.9962
502,2021-04-16,BR,Ladário,40,91.4,4.61,62,-19.0047,-57.6017
503,2021-04-16,IN,Rairangpur,8,83.07,10.71,37,22.2676,86.1751
504,2021-04-16,MV,Thinadhoo,12,82.9,4.9,66,0.5333,72.9333
505,2021-04-16,CN,Hegang,82,40.17,1.88,88,47.4,130.3667
506,2021-04-16,RU,Baltay,100,58.33,5.35,48,52.4652,46.6308
507,2021-04-16,ES,Guía de Isora,75,71.6,13.8,64,28.2115,-16.7795
508,2021-04-16,JP,Rumoi,63,45.0,14.72,82,43.9344,141.6428
509,2021-04-16,IN,Challakere,86,89.01,3.02,33,14.3167,76.65
510,2021-04-16,VN,Phan Thiet,100,78.03,1.28,79,10.9333,108.1
511,2021-04-16,AU,Ballina,90,64.4,6.91,77,-28.8667,153.5667
512,2021-04-16,GQ,Mbini,20,82.4,6.6,83,1.574,9.6134
513,2021-04-16,NO,Mehamn,90,37.4,12.66,87,71.0357,27.8492
514,2021-04-16,BR,São Félix do Xingu,97,85.96,4.7,66,-6.6447,-51.995
515,2021-04-16,MG,Vangaindrano,33,74.07,6.89,88,-23.35,47.6
516,2021-04-16,US,Portales,40,51.01,26.46,81,34.1862,-103.3344
517,2021-04-16,ID,Galesong,20,77.0,4.61,100,-5.3166,119.3661
518,2021-04-16,RU,Yelniki,99,57.0,13.42,67,54.6207,43.876
519,2021-04-16,RU,Khandyga,100,24.82,11.72,89,62.6667,135.6
520,2021-04-16,CL,Antofagasta,40,69.8,4.61,56,-23.65,-70.4
521,2021-04-16,RU,Sangar,100,29.34,16.35,96,63.9242,127.4739
522,2021-04-16,BR,Maracaçumé,100,85.69,7.52,62,-2.0428,-45.9592
523,2021-04-16,AU,Port Lincoln,14,57.58,6.08,75,-34.7333,135.8667
524,2021-04-16,BR,Santa Maria,40,75.2,3.44,69,-29.6842,-53.8069
525,2021-04-16,AO,Luena,52,68.92,4.45,64,-11.7833,19.9167
526,2021-04-16,ZA,Calvinia,99,76.93,4.34,20,-31.4707,19.776
527,2021-04-16,TH,Sakon Nakhon,85,75.43,5.7,77,17.1612,104.1472
528,2021-04-16,RU,Ust'-Omchug,93,-1.86,5.32,100,61.15,149.6333
529,2021-04-16,AU,Cairns,19,77.0,8.05,73,-16.9167,145.7667
530,2021-04-16,MX,Vega de Alatorre,0,87.26,6.22,59,20.0333,-96.6333
531,2021-04-16,CN,Qian’an,87,41.09,4.99,83,44.9932,124.0581
532,2021-04-16,SO,Bandarbeyla,0,81.57,11.65,71,9.4942,50.8122
533,2021-04-16,BG,Preslav,56,45.09,3.96,62,43.1667,26.8167
534,2021-04-16,ID,Nabire,100,75.81,3.09,90,-3.3667,135.4833
535,2021-04-16,CD,Kananga,81,72.77,3.6,86,-5.8958,22.4178
536,2021-04-16,RU,Murygino,4,35.51,3.8,82,58.7383,49.4582
537,2021-04-16,US,Miramar,1,87.01,4.61,45,25.9873,-80.2323
538,2021-04-16,AR,Bariloche,0,55.4,12.66,38,-41.1456,-71.3082
539,2021-04-16,NE,Arlit,26,100.09,0.78,4,18.7369,7.3853
540,2021-04-16,CO,Mapiripán,89,88.25,4.16,58,2.8892,-72.1256
541,2021-04-16,VE,San Felipe,98,92.61,1.97,43,10.3399,-68.7425
542,2021-04-16,JP,Naze,98,67.06,14.74,85,28.3667,129.4833
543,2021-04-16,PG,Vanimo,100,78.08,2.42,88,-2.6741,141.3028
544,2021-04-16,IT,Tempio Pausania,75,53.6,3.44,87,40.8974,9.1035
545,2021-04-16,SA,Qurayyat,0,87.8,9.22,11,31.3318,37.3428
546,2021-04-16,AR,Río Gallegos,0,51.8,36.82,30,-51.6226,-69.2181
547,2021-04-16,MU,Quatre Cocos,40,79.0,2.3,94,-20.2078,57.7625
548,2021-04-16,MX,Nicolás Bravo,40,88.0,18.41,66,18.45,-88.9167
549,2021-04-16,TZ,Mtwara,40,77.0,11.5,94,-10.2667,40.1833
550,2021-04-16,MX,Rodolfo Sánchez Taboada,100,60.01,3.0,83,31.7167,-116.5667
551,2021-04-16,IN,Sarāhan,100,49.77,5.77,65,31.5167,77.8
552,2021-04-16,NC,Vao,100,74.16,16.91,82,-22.6667,167.4833
553,2021-04-16,IL,Kiryat Gat,0,72.0,1.01,40,31.61,34.7642
554,2021-04-16,CO,Padilla,75,77.0,3.44,73,3.2204,-76.3139
555,2021-04-16,SA,Buraidah,40,84.2,14.97,18,26.326,43.975
556,2021-04-16,RU,Egvekinot,100,24.13,7.54,99,66.3167,-179.1667
557,2021-04-16,PG,Namatanai,100,78.03,4.94,85,-3.6667,152.4333
558,2021-04-16,RU,Polyarny,0,44.6,8.95,53,69.1989,33.4478
559,2021-04-16,AM,Shenavan,20,62.6,1.14,39,40.0549,43.9288
560,2021-04-16,SO,Hobyo,7,83.25,16.31,67,5.3505,48.5268
561,2021-04-16,IS,Husavik,20,51.8,25.32,37,66.0449,-17.3389
562,2021-04-16,MX,Guadalajara,1,79.0,2.75,11,20.6667,-103.3333
563,2021-04-16,CN,Dongdu,24,50.43,7.78,29,35.85,117.7
564,2021-04-16,IR,Behshahr,0,59.0,2.3,67,36.6923,53.5526
565,2021-04-16,PL,Malbork,100,43.0,12.71,78,54.0359,19.0266
566,2021-04-16,PE,Pisco,32,73.4,9.22,73,-13.7,-76.2167
567,2021-04-16,CN,Gaozhou,78,76.05,1.28,84,21.9392,110.8461
568,2021-04-16,CA,Pincher Creek,1,52.0,5.75,45,49.4833,-113.952
569,2021-04-16,MX,Tomatlán,0,89.78,6.26,22,19.9333,-105.25
570,2021-04-16,AR,San Luis,0,80.44,8.97,39,-33.295,-66.3356
